t, value
0, 13533
1, 13372
2, 12632
3, 11884
4, 11551
5, 11714
6, 11687
7, 11639
8, 11727
9, 11635
10, 12061
11, 10305
12, 9784
13, 9893
14, 9570
15, 9474
16, 9637
17, 9565
18, 8238
19, 8137
20, 7908
21, 8083
22, 7912
23, 8004
24, 7967
25, 8176
26, 7928
27, 8070
28, 8238
29, 7870
30, 8090
31, 7842
32, 7956
33, 7954
34, 8967
35, 9473
36, 9776
37, 9561
38, 9567
39, 9690
40, 9507
41, 9456
42, 9608
43, 9683
44, 11573
45, 11579
46, 11438
47, 11556
48, 11360
49, 11256
50, 11349
51, 11347
52, 11368
53, 11475
54, 11355
55, 11433
56, 10619
57, 9836
58, 9510
59, 9511
60, 9687
61, 9756
62, 9655
63, 9668
64, 9605
65, 9776
66, 9873
67, 9647
68, 9597
69, 9716
70, 10119
71, 11421
72, 11298
73, 11530
74, 11567
75, 11596
76, 11540
77, 10587
78, 9657
79, 9408
80, 8015
81, 7573
82, 7790
83, 7740
84, 7761
85, 7991
86, 7925
87, 8099
88, 8014
89, 8061
90, 7834
91, 7934
92, 7950
93, 7890
94, 7762
95, 7877
96, 7837
97, 7860
98, 7863
99, 7801
100, 8101
101, 7772
102, 7663
103, 7732
104, 7785
105, 7803
106, 7767
107, 7923
108, 7773
109, 7850
110, 7949
111, 7910
112, 8059
113, 7706
114, 7829
115, 7743
116, 7734
117, 9018
118, 9795
119, 9538
120, 9677
121, 9395
122, 9403
123, 9654
124, 9883
125, 9879
126, 9610
127, 7724
128, 7786
129, 7801
130, 7910
131, 7812
132, 9601
133, 9647
134, 9455
135, 9498
136, 9789
137, 9752
138, 9574
139, 9373
140, 9615
141, 9636
142, 9879
143, 9765
144, 9917
145, 9869
146, 9713
147, 9589
148, 9559
149, 9478
150, 9531
151, 9636
152, 9583
153, 9573
154, 9876
155, 9655
156, 9596
157, 9823
158, 9858
159, 11041
160, 11254
161, 11586
162, 11392
163, 11500
164, 11730
165, 11757
166, 11687
167, 11745
168, 11605
169, 11339
170, 11423
171, 11442
172, 11380
173, 11484
174, 11650
175, 11615
176, 11197
177, 11372
178, 11276
179, 11396
180, 11217
181, 11455
182, 11379
183, 11616
184, 11350
185, 11212
186, 11315
187, 11568
188, 12733
189, 13235
190, 12812
191, 12736
192, 13128
193, 12794
194, 13485
195, 14784
196, 13662
197, 13383
198, 13413
199, 13215
200, 13414
201, 13390
202, 13115
203, 13382
204, 13696
205, 13477
206, 13687
207, 13336
208, 12017
209, 11923
210, 11679
211, 11683
212, 11603
213, 11747
214, 12731
215, 13491
216, 13001
217, 11336
218, 11357
219, 11468
220, 11552
221, 11413
222, 11143
223, 9761
224, 9513
225, 9373
226, 9433
227, 7896
228, 7947
229, 7798
230, 8138
231, 10108
232, 9806
233, 9881
234, 9679
235, 9689
236, 8383
237, 7858
238, 7934
239, 9388
240, 9724
241, 9457
242, 9624
243, 9793
244, 11751
245, 11796
246, 11411
247, 11491
248, 11479
249, 11502
250, 9908
251, 9675
252, 9639
253, 9637
254, 9662
255, 9667
256, 9760
257, 9651
258, 9778
259, 9472
260, 9778
261, 9529
262, 9588
263, 10479
264, 11519
265, 11250
266, 11460
267, 11475
268, 11776
269, 11383
270, 10055
271, 9496
272, 9495
273, 9457
274, 9846
275, 9927
276, 9857
277, 10266
278, 11548
279, 11621
280, 11664
281, 11483
282, 11753
283, 9847
284, 9831
285, 9945
286, 9764
287, 9741
288, 9587
289, 9688
290, 7794
291, 7661
292, 7777
293, 7782
294, 7479
295, 7547
296, 7631
297, 7888
298, 9408
299, 9347
300, 9484
301, 9455
302, 9548
303, 9644
304, 9532
305, 8108
306, 8269
307, 8110
308, 8004
309, 7824
310, 7779
311, 9548
312, 9812
313, 10690
314, 11588
315, 10525
316, 9698
317, 9637
318, 9599
319, 9772
320, 9575
321, 9529
322, 9355
323, 9533
324, 9743
325, 9540
326, 9853
327, 9555
328, 11202
329, 11346
330, 11344
331, 11187
332, 11262
333, 11363
334, 11590
335, 11427
336, 11415
337, 11241
338, 11664
339, 11407
340, 11562
341, 11677
342, 11455
343, 11440
344, 11685
345, 12649
346, 13073
347, 13390
348, 13406
349, 13482
350, 13537
351, 13599
352, 13392
353, 13189
354, 13180
355, 13647
356, 13102
357, 13411
358, 13346
359, 13717
360, 13219
361, 13036
362, 11323
363, 11215
364, 11305
365, 10383
366, 9529
367, 9443
368, 9745
369, 9809
370, 9596
371, 9424
372, 9693
373, 9560
374, 9336
375, 9629
376, 9638
377, 9721
378, 9663
379, 9966
380, 9707
381, 9834
382, 9782
383, 10118
384, 11654
385, 11906
386, 11616
387, 11393
388, 11687
389, 11687
390, 11786
391, 11325
392, 11421
393, 11797
394, 10320
395, 9790
396, 9451
397, 9804
398, 9716
399, 9468
400, 9566
401, 9669
402, 9611
403, 9521
404, 9777
405, 9340
406, 9548
407, 9923
408, 9742
409, 9866
410, 9510
411, 9767
412, 9714
413, 9889
414, 9475
415, 9633
416, 9792
417, 9503
418, 9581
419, 11404
420, 11895
421, 11955
422, 11252
423, 9942
424, 9730
425, 9473
426, 9517
427, 9668
428, 9758
429, 9736
430, 9285
431, 9749
432, 9847
433, 9644
434, 9447
435, 8745
436, 9858
437, 9667
438, 9827
439, 9879
440, 9633
441, 9758
442, 9456
443, 10814
444, 11373
445, 11340
446, 11444
447, 11417
448, 11681
449, 10883
450, 8553
451, 8227
452, 7775
453, 8208
454, 7967
455, 7966
456, 7979
457, 7791
458, 7796
459, 7973
460, 8101
461, 7989
462, 8178
463, 8140
464, 9214
465, 9783
466, 9816
467, 12054
468, 11598
469, 11583
470, 11523
471, 11653
472, 11909
473, 11763
474, 11873
475, 11786
476, 10900
477, 9628
478, 10026
479, 11485
480, 10893
481, 9961
482, 9908
483, 11274
484, 10947
485, 11309
486, 11516
487, 11503
488, 11516
489, 11367
490, 11527
491, 11222
492, 11165
493, 9918
494, 9621
495, 9562
496, 9361
497, 9552
498, 9345
499, 9876
500, 9764
501, 9657
502, 9576
503, 9741
504, 9768
505, 9698
506, 10863
507, 9667
508, 9953
509, 9515
510, 9500
511, 8833
512, 9028
513, 7879
514, 7968
515, 7959
516, 8002
517, 7857
518, 8069
519, 7874
520, 7940
521, 7975
522, 7817
523, 7879
524, 9745
525, 9794
526, 9862
527, 9643
528, 9696
529, 11349
530, 11219
531, 11091
532, 9482
533, 9612
534, 9369
535, 9510
536, 9484
537, 9766
538, 9865
539, 11567
540, 13192
541, 13184
542, 13031
543, 13520
544, 13062
545, 13262
546, 12527
547, 11085
548, 11404
549, 11423
550, 11493
551, 11332
552, 10366
553, 9897
554, 9782
555, 9675
556, 9883
557, 9799
558, 9705
559, 9830
560, 9990
561, 11414
562, 11422
563, 11646
564, 11872
565, 11760
566, 11546
567, 11467
568, 11666
569, 11613
570, 11432
571, 11956
572, 11301
573, 11515
574, 11300
575, 11366
576, 12116
577, 11065
578, 9501
579, 9747
580, 9461
581, 9456
582, 9325
583, 9789
584, 9457
585, 10851
586, 11525
587, 11614
588, 11843
589, 11602
590, 12530
591, 13377
592, 13021
593, 13303
594, 13203
595, 13176
596, 13180
597, 13372
598, 13741
599, 13357
600, 13305
601, 13042
602, 13078
603, 13654
604, 13540
605, 12961
606, 13237
607, 13301
608, 13084
609, 13047
610, 13234
611, 13215
612, 13227
613, 13159
614, 13065
615, 13419
616, 13039
617, 13236
618, 12805
619, 13315
620, 13216
621, 13002
622, 13081
623, 13149
624, 13294
625, 13220
626, 11831
627, 11263
628, 11528
629, 11692
630, 11439
631, 11324
632, 11178
633, 11449
634, 11695
635, 11628
636, 11405
637, 11507
638, 9673
639, 9721
640, 9400
641, 9831
642, 9623
643, 9655
644, 9566
645, 9807
646, 9813
647, 9798
648, 9731
649, 9733
650, 9987
651, 9752
652, 9658
653, 10033
654, 9963
655, 9950
656, 9844
657, 9762
658, 9792
659, 9763
660, 9953
661, 9616
662, 9715
663, 9636
664, 9844
665, 9759
666, 9906
667, 9671
668, 9671
669, 8627
670, 7898
671, 7942
672, 8030
673, 7946
674, 7903
675, 7999
676, 8106
677, 8107
678, 7965
679, 8583
680, 9871
681, 9849
682, 9671
683, 9730
684, 9817
685, 9666
686, 9582
687, 9503
688, 9714
689, 10425
690, 11284
691, 11301
692, 11310
693, 11467
694, 11126
695, 11745
696, 11356
697, 11693
698, 11337
699, 11325
700, 11239
701, 11407
702, 11480
703, 11595
704, 11438
705, 11591
706, 11477
707, 11561
708, 11197
709, 9778
710, 10492
711, 11545
712, 11729
713, 11580
714, 11429
715, 11574
716, 11386
717, 11524
718, 11513
719, 11489
720, 11283
721, 11344
722, 11204
723, 11215
724, 11299
725, 11042
726, 11145
727, 11312
728, 11053
729, 11270
730, 11260
731, 11446
732, 12921
733, 13394
734, 13474
735, 11560
736, 10823
737, 11027
738, 11049
739, 11057
740, 11119
741, 11000
742, 11116
743, 11089
744, 11026
745, 11044
746, 11250
747, 11121
748, 11195
749, 10433
750, 9387
751, 9335
752, 9233
753, 9335
754, 9538
755, 9340
756, 9300
757, 9408
758, 9550
759, 9487
760, 9608
761, 9533
762, 9509
763, 9430
764, 9473
765, 9309
766, 8717
767, 7579
768, 9075
769, 10912
770, 11168
771, 11458
772, 11320
773, 11531
774, 11224
775, 10753
776, 11081
777, 10900
778, 11039
779, 11788
780, 11065
781, 11414
782, 10954
783, 11265
784, 11384
785, 11193
786, 11537
787, 11093
788, 11382
789, 11349
790, 11220
791, 11296
792, 11266
793, 11302
794, 13079
795, 13477
796, 13185
797, 13276
798, 12939
799, 12993
800, 13069
801, 13091
802, 13264
803, 13191
804, 13071
805, 12787
806, 13238
807, 11892
808, 12148
809, 12034
810, 11801
811, 11865
812, 11930
813, 11595
814, 11760
815, 11850
816, 11836
817, 11760
818, 11859
819, 11948
820, 11835
821, 11635
822, 11944
823, 11948
824, 12171
825, 11959
826, 11742
827, 10372
828, 10321
829, 10407
830, 10250
831, 10353
832, 10241
833, 10479
834, 10443
835, 10356
836, 10045
837, 10137
838, 10463
839, 10394
840, 11864
841, 12392
842, 12031
843, 11772
844, 11865
845, 12004
846, 10103
847, 10295
848, 10290
849, 10204
850, 10370
851, 10009
852, 10070
853, 10122
854, 10264
855, 10064
856, 10075
857, 10275
858, 10272
859, 10037
860, 9976
861, 9766
862, 10214
863, 9708
864, 10177
865, 10255
866, 9895
867, 10064
868, 9978
869, 10037
870, 9733
871, 9950
872, 9896
873, 10106
874, 10053
875, 9743
876, 9793
877, 9577
878, 9608
879, 9926
880, 9524
881, 9559
882, 9564
883, 9427
884, 9689
885, 9652
886, 10303
887, 12806
888, 11234
889, 11573
890, 11577
891, 11274
892, 11382
893, 11692
894, 11554
895, 10754
896, 9686
897, 9811
898, 9398
899, 9496
900, 9787
901, 9763
902, 9935
903, 9980
904, 10903
905, 11723
906, 11796
907, 11881
908, 11827
909, 11617
910, 11794
911, 11709
912, 11996
913, 11862
914, 11901
915, 12001
916, 11898
917, 11873
918, 11933
919, 12259
920, 11750
921, 11894
922, 11584
923, 12014
924, 12250
925, 11893
926, 11940
927, 11860
928, 11810
929, 11835
930, 11926
931, 11742
932, 11381
933, 11323
934, 11581
935, 11269
936, 11624
937, 11877
938, 11882
939, 11004
940, 10024
941, 9906
942, 10111
943, 9846
944, 9913
945, 9768
946, 9825
947, 10130
948, 10125
949, 10162
950, 9999
951, 9768
952, 10038
953, 10384
954, 11724
955, 12285
956, 11463
957, 11364
958, 11787
959, 11198
960, 11248
961, 9316
962, 9572
963, 9755
964, 9731
965, 9715
966, 9689
967, 9437
968, 9215
969, 9461
970, 9419
971, 9638
972, 9604
973, 9165
974, 9463
975, 9289
976, 9205
977, 9514
978, 10229
979, 11921
980, 11417
981, 11540
982, 11845
983, 11696
984, 11867
985, 11725
986, 12021
987, 12123
988, 11526
989, 11638
990, 11447
991, 11601
992, 11859
993, 11471
994, 10588
995, 9549
996, 9569
997, 9594
998, 7691
999, 7717
1000, 7723
1001, 7778
1002, 7816
1003, 7929
1004, 7825
1005, 7694
1006, 8786
1007, 9579
1008, 8274
1009, 7788
1010, 7727
1011, 7684
1012, 7658
1013, 7837
1014, 7791
1015, 7653
1016, 7930
1017, 7744
1018, 7840
1019, 7781
1020, 7781
1021, 7806
1022, 7804
1023, 7755
1024, 8129
1025, 7989
1026, 7910
1027, 7864
1028, 7817
1029, 7878
1030, 7953
1031, 7807
1032, 7820
1033, 8594
1034, 9431
1035, 9540
1036, 9611
1037, 9823
1038, 9948
1039, 9775
1040, 10636
1041, 11632
1042, 11291
1043, 11260
1044, 11240
1045, 11820
1046, 11150
1047, 9967
1048, 9632
1049, 9814
1050, 9561
1051, 8892
1052, 7515
1053, 7768
1054, 7654
1055, 7733
1056, 7779
1057, 7660
1058, 7728
1059, 7713
1060, 9766
1061, 10455
1062, 11648
1063, 11331
1064, 11513
1065, 11319
1066, 11306
1067, 9660
1068, 9649
1069, 9526
1070, 9572
1071, 9459
1072, 10351
1073, 10214
1074, 10978
1075, 9720
1076, 9480
1077, 9541
1078, 9934
1079, 9667
1080, 9419
1081, 9608
1082, 9621
1083, 9859
1084, 9705
1085, 9820
1086, 9669
1087, 9538
1088, 9980
1089, 9613
1090, 9882
1091, 9635
1092, 9552
1093, 7900
1094, 7835
1095, 7711
1096, 7682
1097, 7590
1098, 7575
1099, 9240
1100, 9473
1101, 9503
1102, 9412
1103, 9581
1104, 9784
1105, 9812
1106, 9680
1107, 9656
1108, 9706
1109, 9883
1110, 9784
1111, 9776
1112, 9870
1113, 9704
1114, 9788
1115, 9597
1116, 9960
1117, 9913
1118, 9651
1119, 9868
1120, 9866
1121, 9848
1122, 9937
1123, 9656
1124, 10081
1125, 9809
1126, 9583
1127, 9860
1128, 9549
1129, 9731
1130, 10602
1131, 11329
1132, 11260
1133, 11418
1134, 11415
1135, 9938
1136, 9444
1137, 9640
1138, 9617
1139, 9578
1140, 9545
1141, 9720
1142, 9633
1143, 9159
1144, 9543
1145, 9276
1146, 9331
1147, 9649
1148, 9561
1149, 9375
1150, 9519
1151, 9469
1152, 9432
1153, 9871
1154, 11214
1155, 11303
1156, 11266
1157, 11380
1158, 11376
1159, 11467
1160, 12280
1161, 12374
1162, 11169
1163, 11366
1164, 11330
1165, 11342
1166, 11509
1167, 11246
1168, 11389
1169, 11241
1170, 11468
1171, 11345
1172, 11383
1173, 11445
1174, 11250
1175, 11562
1176, 11557
1177, 11512
1178, 10994
1179, 11410
1180, 11656
1181, 11473
1182, 11668
1183, 11829
1184, 11640
1185, 11502
1186, 11464
1187, 12980
1188, 13057
1189, 11550
1190, 11460
1191, 11594
1192, 11554
1193, 11820
1194, 11375
1195, 11686
1196, 11800
1197, 11508
1198, 11693
1199, 11468
1200, 10293
1201, 9560
1202, 9748
1203, 9398
1204, 9425
1205, 10164
1206, 11334
1207, 11327
1208, 11223
1209, 10886
1210, 10935
1211, 10918
1212, 11172
1213, 12727
1214, 10774
1215, 9344
1216, 9305
1217, 9170
1218, 9319
1219, 9361
1220, 9528
1221, 9160
1222, 9375
1223, 9273
1224, 9464
1225, 9399
1226, 9304
1227, 9372
1228, 9399
1229, 9243
1230, 9394
1231, 9040
1232, 9333
1233, 8343
1234, 7640
1235, 7332
1236, 7711
1237, 9387
1238, 9172
1239, 9452
1240, 9351
1241, 9570
1242, 10264
1243, 11096
1244, 11603
1245, 13177
1246, 13747
1247, 13605
1248, 13344
1249, 13638
1250, 13614
1251, 13048
1252, 11309
1253, 11278
1254, 11461
1255, 11670
1256, 11612
1257, 11447
1258, 11334
1259, 11593
1260, 10312
1261, 11732
1262, 10494
1263, 10863
1264, 10728
1265, 10714
1266, 11776
1267, 12600
1268, 12944
1269, 13800
1270, 12495
1271, 12535
1272, 12749
1273, 12710
1274, 12452
1275, 12874
1276, 12807
1277, 12932
1278, 11839
1279, 10956
1280, 11011
1281, 10500
1282, 9412
1283, 9230
1284, 9466
1285, 9331
1286, 9268
1287, 9153
1288, 9284
1289, 9402
1290, 9440
1291, 9432
1292, 9379
1293, 11359
1294, 11403
1295, 11577
1296, 11842
1297, 11786
1298, 11446
1299, 11831
1300, 11407
1301, 11497
1302, 11687
1303, 11653
1304, 10297
1305, 9701
1306, 9724
1307, 9273
1308, 9354
1309, 9399
1310, 9517
1311, 9549
1312, 9644
1313, 9556
1314, 9671
1315, 9512
1316, 9470
1317, 9539
1318, 9463
1319, 9005
1320, 9377
1321, 9357
1322, 9347
1323, 9564
1324, 9688
1325, 9755
1326, 9435
1327, 9405
1328, 9486
1329, 11111
1330, 11381
1331, 11568
1332, 11330
1333, 11531
1334, 11478
1335, 11646
1336, 11558
1337, 11602
1338, 11718
1339, 10923
1340, 9832
1341, 9588
1342, 8372
1343, 7889
1344, 7766
1345, 7554
1346, 8842
1347, 7581
1348, 7679
1349, 7874
1350, 7682
1351, 7727
1352, 8044
1353, 7880
1354, 7656
1355, 7639
1356, 7519
1357, 7545
1358, 7768
1359, 7668
1360, 8082
1361, 9341
1362, 8090
1363, 7606
1364, 7743
1365, 7888
1366, 7499
1367, 7486
1368, 7986
1369, 7688
1370, 7719
1371, 7868
1372, 9430
1373, 9283
1374, 9410
1375, 9388
1376, 9596
1377, 9220
1378, 9452
1379, 9536
1380, 9563
1381, 8944
1382, 9198
1383, 9263
1384, 9511
1385, 9129
1386, 9434
1387, 9306
1388, 9529
1389, 9389
1390, 9514
1391, 9527
1392, 9434
1393, 9372
1394, 9576
1395, 9358
1396, 9272
1397, 9011
1398, 9264
1399, 9312
1400, 9280
1401, 9267
1402, 9224
1403, 9087
1404, 9338
1405, 9070
1406, 9395
1407, 9387
1408, 10883
1409, 10304
1410, 9112
1411, 9014
1412, 9280
1413, 9147
1414, 9094
1415, 9292
1416, 10920
1417, 10675
1418, 10792
1419, 10709
1420, 10829
1421, 10800
1422, 10961
1423, 10922
1424, 10598
1425, 10781
1426, 10805
1427, 11132
1428, 11021
1429, 11749
1430, 11491
1431, 11736
1432, 11663
1433, 10242
1434, 9427
1435, 9480
1436, 9425
1437, 9516
1438, 9421
1439, 9127
1440, 9315
1441, 9258
1442, 9177
1443, 9141
1444, 8894
1445, 9546
1446, 9507
1447, 9121
1448, 9453
1449, 9215
1450, 9407
1451, 8555
1452, 8139
1453, 7919
1454, 9581
1455, 9437
1456, 9675
1457, 9607
1458, 9449
1459, 9603
1460, 9702
1461, 7768
1462, 7724
1463, 7936
1464, 7737
1465, 7938
1466, 7748
1467, 7929
1468, 8136
1469, 7812
1470, 8007
1471, 7769
1472, 7731
1473, 8087
1474, 8028
1475, 7981
1476, 7747
1477, 7747
1478, 8130
1479, 9315
1480, 9503
1481, 9318
1482, 9198
1483, 9497
1484, 9719
1485, 9264
1486, 9809
1487, 10710
1488, 10509
1489, 10839
1490, 9668
1491, 9174
1492, 9355
1493, 9083
1494, 7825
1495, 7791
1496, 7821
1497, 7777
1498, 7676
1499, 9181
1500, 9326
1501, 9405
1502, 9131
1503, 9345
1504, 9436
1505, 9744
1506, 9557
1507, 9471
1508, 9669
1509, 10974
1510, 10778
1511, 9799
1512, 9897
1513, 9962
1514, 9760
1515, 9029
1516, 7906
1517, 8025
1518, 7973
1519, 7844
1520, 7847
1521, 7764
1522, 7746
1523, 7596
1524, 7509
1525, 7628
1526, 7621
1527, 7689
1528, 7774
1529, 7645
1530, 8100
1531, 9265
1532, 9233
1533, 9005
1534, 9075
1535, 9222
1536, 9186
1537, 9014
1538, 9197
1539, 9115
1540, 9232
1541, 9269
1542, 9152
1543, 9111
1544, 9853
1545, 10509
1546, 8946
1547, 7798
1548, 7721
1549, 7921
1550, 9190
1551, 9276
1552, 9147
1553, 9068
1554, 9081
1555, 8821
1556, 8464
1557, 7891
1558, 8645
1559, 8923
1560, 7749
1561, 7819
1562, 7950
1563, 7722
1564, 7734
1565, 7669
1566, 7918
1567, 7834
1568, 7593
1569, 9093
1570, 9205
1571, 9518
1572, 9274
1573, 9429
1574, 9334
1575, 9333
1576, 9156
1577, 9092
1578, 8972
1579, 9301
1580, 9273
1581, 9323
1582, 9385
1583, 9103
1584, 9348
1585, 9301
1586, 9413
1587, 9423
1588, 9191
1589, 9559
1590, 9954
1591, 9731
1592, 9563
1593, 9273
1594, 10763
1595, 10948
1596, 10626
1597, 10504
1598, 9642
1599, 9311
1600, 9211
1601, 9220
1602, 9171
1603, 9316
1604, 9056
1605, 9072
1606, 9021
1607, 8993
1608, 9149
1609, 9367
1610, 9322
1611, 10446
1612, 10651
1613, 9854
1614, 9508
1615, 9424
1616, 9658
1617, 9525
1618, 9628
1619, 9268
1620, 9163
1621, 9346
1622, 9185
1623, 8291
1624, 7625
1625, 7978
1626, 7797
1627, 7710
1628, 8044
1629, 7694
1630, 7935
1631, 7633
1632, 7657
1633, 7584
1634, 7781
1635, 7733
1636, 7801
1637, 7593
1638, 7508
1639, 7600
1640, 7591
1641, 7553
1642, 7854
1643, 7720
1644, 7712
1645, 7565
1646, 7815
1647, 7659
1648, 8770
1649, 8691
1650, 8988
1651, 9092
1652, 9268
1653, 9099
1654, 9440
1655, 9601
1656, 9661
1657, 9840
1658, 9676
1659, 10006
1660, 9613
1661, 9654
1662, 9571
1663, 9518
1664, 9164
1665, 9230
1666, 11089
1667, 11457
1668, 11395
1669, 11752
1670, 10668
1671, 11096
1672, 11160
1673, 10971
1674, 10990
1675, 11361
1676, 11647
1677, 11624
1678, 9739
1679, 9372
1680, 9613
1681, 10534
1682, 11161
1683, 10900
1684, 11143
1685, 10815
1686, 9178
1687, 9336
1688, 8719
1689, 7732
1690, 7571
1691, 7939
1692, 7669
1693, 7638
1694, 7557
1695, 7752
1696, 7846
1697, 7726
1698, 7666
1699, 7783
1700, 8615
1701, 9564
1702, 9578
1703, 9509
1704, 11038
1705, 10902
1706, 11084
1707, 11679
1708, 11632
1709, 11527
1710, 11313
1711, 11183
1712, 11780
1713, 11548
1714, 11553
1715, 12039
1716, 12251
1717, 11460
1718, 10247
1719, 9628
1720, 10055
1721, 10986
1722, 9707
1723, 9650
1724, 9771
1725, 11539
1726, 12981
1727, 13708
1728, 13646
1729, 12407
1730, 11188
1731, 10778
1732, 11132
1733, 10817
1734, 10839
1735, 9324
1736, 9406
1737, 9329
1738, 10069
1739, 11398
1740, 11059
1741, 11765
1742, 11197
1743, 11448
1744, 10991
1745, 11396
1746, 11211
1747, 11325
1748, 10943
1749, 10560
1750, 10630
1751, 10947
1752, 12516
1753, 12784
1754, 12658
1755, 12297
1756, 11025
1757, 10681
1758, 11125
1759, 11018
1760, 10387
1761, 9161
1762, 9109
1763, 9580
1764, 9840
1765, 9676
1766, 9530
1767, 9376
1768, 9502
1769, 11094
1770, 10994
1771, 11001
1772, 10999
1773, 10947
1774, 11161
1775, 11088
1776, 9430
1777, 9139
1778, 10407
1779, 10990
1780, 10608
1781, 10701
1782, 10685
1783, 10693
1784, 10917
1785, 10543
1786, 10199
1787, 9260
1788, 8617
1789, 7862
1790, 7968
1791, 9677
1792, 9644
1793, 9756
1794, 11450
1795, 11739
1796, 10995
1797, 11638
1798, 9581
1799, 8166
1800, 9387
1801, 9370
1802, 9576
1803, 9604
1804, 9602
1805, 8274
1806, 7662
1807, 7980
1808, 7623
1809, 9373
1810, 9309
1811, 10589
1812, 11190
1813, 10848
1814, 10877
1815, 11522
1816, 11252
1817, 9757
1818, 9717
1819, 9586
1820, 9693
1821, 9474
1822, 9661
1823, 9765
1824, 9487
1825, 9579
1826, 9379
1827, 9137
1828, 9383
1829, 9268
1830, 9004
1831, 9405
1832, 9370
1833, 9388
1834, 9327
1835, 9436
1836, 9513
1837, 10464
1838, 9675
1839, 9567
1840, 10030
1841, 11851
1842, 11224
1843, 11459
1844, 10901
1845, 10170
1846, 7702
1847, 7666
1848, 8023
1849, 7648
1850, 7523
1851, 7645
1852, 7693
1853, 8486
1854, 9121
1855, 7614
1856, 7756
1857, 7839
1858, 7684
1859, 7484
1860, 7502
1861, 9288
1862, 9476
1863, 9712
1864, 9413
1865, 9416
1866, 9279
1867, 9699
1868, 9911
1869, 9599
1870, 11177
1871, 11212
1872, 11572
1873, 11860
1874, 13476
1875, 13769
1876, 13328
1877, 12436
1878, 11408
1879, 11457
1880, 10684
1881, 11380
1882, 11709
1883, 11226
1884, 11448
1885, 10821
1886, 10880
1887, 10795
1888, 10676
1889, 11286
1890, 11148
1891, 11114
1892, 11338
1893, 11510
1894, 11350
1895, 11749
1896, 11624
1897, 11634
1898, 11182
1899, 11399
1900, 10930
1901, 10248
1902, 10049
1903, 9787
1904, 9814
1905, 9813
1906, 11492
1907, 11984
1908, 11842
1909, 11670
1910, 11909
1911, 11600
1912, 10558
1913, 9722
1914, 9742
1915, 10089
1916, 9966
1917, 9846
1918, 11396
1919, 11886
1920, 11884
1921, 11913
1922, 12038
1923, 11895
1924, 11740
1925, 11631
1926, 11525
1927, 11557
1928, 11795
1929, 11713
1930, 11265
1931, 11557
1932, 11144
1933, 10990
1934, 10733
1935, 10950
1936, 10380
1937, 10831
1938, 10566
1939, 10866
1940, 10874
1941, 10499
1942, 10584
1943, 10510
1944, 10983
1945, 11140
1946, 10772
1947, 11210
1948, 11627
1949, 11643
1950, 11849
1951, 11866
1952, 11815
1953, 11366
1954, 11923
1955, 12018
1956, 10946
1957, 11093
1958, 11828
1959, 11297
1960, 10939
1961, 9749
1962, 9772
1963, 9794
1964, 9557
1965, 9457
1966, 9614
1967, 9941
1968, 9950
1969, 9664
1970, 10036
1971, 9638
1972, 9682
1973, 9699
1974, 9913
1975, 9596
1976, 9708
1977, 9734
1978, 9652
1979, 9661
1980, 9783
1981, 10011
1982, 11890
1983, 12293
1984, 11951
1985, 11822
1986, 12019
1987, 12023
1988, 11494
1989, 11299
1990, 11024
1991, 10960
1992, 10789
1993, 11032
1994, 11424
1995, 12452
1996, 11435
1997, 11175
1998, 10815
1999, 10857
2000, 10807
2001, 10574
2002, 10894
2003, 11522
2004, 11507
2005, 11655
2006, 11719
2007, 11751
2008, 11860
2009, 11680
2010, 11826
2011, 11914
2012, 11536
2013, 11589
2014, 11328
2015, 11956
2016, 11149
2017, 9744
2018, 9888
2019, 9614
2020, 9933
2021, 9783
2022, 9575
2023, 9714
2024, 9507
2025, 9563
2026, 9317
2027, 9485
2028, 9903
2029, 9821
2030, 11852
2031, 11920
2032, 9776
2033, 9972
2034, 9740
2035, 9765
2036, 11493
2037, 11680
2038, 11791
2039, 11801
2040, 11698
2041, 11439
2042, 11615
2043, 12432
2044, 12137
2045, 13257
2046, 14379
2047, 14145
2048, 14091
2049, 13857
2050, 13582
2051, 13757
2052, 14367
2053, 14596
2054, 14138
2055, 14164
2056, 13270
2057, 12967
2058, 13316
2059, 13730
2060, 13667
2061, 13516
2062, 14042
2063, 14000
2064, 14118
2065, 14007
2066, 12155
2067, 11953
2068, 11049
2069, 9788
2070, 9730
2071, 9884
2072, 9764
2073, 10054
2074, 9783
2075, 9705
2076, 10052
2077, 10114
2078, 9914
2079, 9872
2080, 9904
2081, 10077
2082, 10052
2083, 10028
2084, 9831
2085, 9660
2086, 9885
2087, 9680
2088, 9706
2089, 9495
2090, 7918
2091, 8057
2092, 7900
2093, 7766
2094, 7842
2095, 7893
2096, 7883
2097, 7898
2098, 7842
2099, 7781
2100, 7924
2101, 7792
2102, 7894
2103, 9657
2104, 9837
2105, 10053
2106, 9611
2107, 9608
2108, 9577
2109, 9791
2110, 9687
2111, 9937
2112, 9567
2113, 9783
2114, 11316
2115, 11776
2116, 10770
2117, 9821
2118, 9813
2119, 9869
2120, 10085
2121, 10197
2122, 9967
2123, 10074
2124, 10208
2125, 10139
2126, 10018
2127, 9952
2128, 9866
2129, 9718
2130, 9506
2131, 9418
2132, 9994
2133, 9955
2134, 7597
2135, 7843
2136, 7744
2137, 8072
2138, 7945
2139, 7762
2140, 8164
2141, 7819
2142, 8059
2143, 8364
2144, 8847
2145, 10080
2146, 9201
2147, 7978
2148, 7865
2149, 7966
2150, 7775
2151, 7793
2152, 7882
2153, 7778
2154, 7680
2155, 7712
2156, 7669
2157, 7719
2158, 7878
2159, 7737
2160, 7636
2161, 7663
2162, 7743
2163, 7578
2164, 8887
2165, 9598
2166, 9480
2167, 9827
2168, 9930
2169, 9763
2170, 9641
2171, 9698
2172, 11189
2173, 11672
2174, 11559
2175, 11601
2176, 9292
2177, 9464
2178, 9907
2179, 9483
2180, 9448
2181, 9840
2182, 8264
2183, 7611
2184, 7814
2185, 7712
2186, 7744
2187, 7888
2188, 9322
2189, 9625
2190, 9920
2191, 11680
2192, 12054
2193, 11938
2194, 11828
2195, 11880
2196, 11749
2197, 12048
2198, 12046
2199, 12055
2200, 11485
2201, 11558
2202, 12072
2203, 10845
2204, 9677
2205, 9746
2206, 11859
2207, 11800
2208, 11624
2209, 11636
2210, 11594
2211, 12698
2212, 12270
2213, 12314
2214, 12618
2215, 11394
2216, 11604
2217, 13071
2218, 13726
2219, 13867
2220, 13599
2221, 13853
2222, 13704
2223, 13531
2224, 13169
2225, 13776
2226, 13681
2227, 13486
2228, 12779
2229, 11723
2230, 8093
2231, 7889
2232, 7990
2233, 7987
2234, 7700
2235, 7742
2236, 7809
2237, 9665
2238, 9881
2239, 9677
2240, 9686
2241, 9685
2242, 9558
2243, 9603
2244, 9826
2245, 9748
2246, 10095
2247, 10061
2248, 10094
2249, 9707
2250, 9570
2251, 10025
2252, 9528
2253, 10811
2254, 11488
2255, 9759
2256, 9256
2257, 9277
2258, 9841
2259, 9767
2260, 9832
2261, 10043
2262, 9790
2263, 9769
2264, 9587
2265, 9807
2266, 9787
2267, 9373
2268, 7798
2269, 7848
2270, 7557
2271, 7613
2272, 7815
2273, 7855
2274, 8209
2275, 9703
2276, 9771
2277, 9537
2278, 9749
2279, 9638
2280, 9853
2281, 9954
2282, 9818
2283, 10085
2284, 9827
2285, 9657
2286, 9505
2287, 9627
2288, 9604
2289, 9683
2290, 9613
2291, 9874
2292, 9807
2293, 9907
2294, 9831
2295, 9857
2296, 9451
2297, 9381
2298, 9952
2299, 9670
2300, 9756
2301, 9534
2302, 10028
2303, 9660
2304, 9569
2305, 9756
2306, 9665
2307, 9596
2308, 9674
2309, 9701
2310, 9614
2311, 9310
2312, 9253
2313, 9223
2314, 9316
2315, 9160
2316, 9519
2317, 9378
2318, 9479
2319, 9343
2320, 9440
2321, 9372
2322, 9355
2323, 9609
2324, 9559
2325, 9856
2326, 9610
2327, 9583
2328, 11471
2329, 11331
2330, 10883
2331, 9726
2332, 9902
2333, 9453
2334, 9627
2335, 9673
2336, 9970
2337, 9864
2338, 10089
2339, 9900
2340, 9913
2341, 9849
2342, 9920
2343, 9834
2344, 9554
2345, 9747
2346, 9388
2347, 9511
2348, 9481
2349, 9134
2350, 9613
2351, 9682
2352, 9915
2353, 9480
2354, 9696
2355, 9491
2356, 9700
2357, 9862
2358, 9900
2359, 9707
2360, 9688
2361, 9433
2362, 9926
2363, 9195
2364, 7834
2365, 7804
2366, 9280
2367, 9979
2368, 9863
2369, 9874
2370, 9999
2371, 9687
2372, 9457
2373, 9587
2374, 10355
2375, 11881
2376, 11780
2377, 11517
2378, 11241
2379, 11740
2380, 11929
2381, 12058
2382, 11612
2383, 11559
2384, 11632
2385, 11370
2386, 11462
2387, 11511
2388, 11307
2389, 11509
2390, 11841
2391, 12001
2392, 11861
2393, 11912
2394, 11722
2395, 11759
2396, 11662
2397, 11803
2398, 11803
2399, 11575
2400, 11591
2401, 12051
2402, 11193
2403, 9353
2404, 9655
2405, 9778
2406, 9747
2407, 9657
2408, 9409
2409, 9798
2410, 9605
2411, 9712
2412, 11279
2413, 11590
2414, 11104
2415, 10429
2416, 11446
2417, 10559
2418, 9614
2419, 9799
2420, 10100
2421, 9933
2422, 10047
2423, 9786
2424, 9978
2425, 9689
2426, 9909
2427, 8180
2428, 8047
2429, 7894
2430, 7956
2431, 7961
2432, 7778
2433, 7840
2434, 7848
2435, 7814
2436, 8034
2437, 7772
2438, 8136
2439, 7883
2440, 7976
2441, 7798
2442, 8720
2443, 11150
2444, 11110
2445, 11628
2446, 11697
2447, 11803
2448, 11350
2449, 9806
2450, 9846
2451, 9522
2452, 9842
2453, 11045
2454, 11659
2455, 9935
2456, 9665
2457, 11581
2458, 11939
2459, 13292
2460, 14153
2461, 14498
2462, 13789
2463, 13810
2464, 11992
2465, 12406
2466, 12061
2467, 11665
2468, 11855
2469, 14290
2470, 14354
2471, 13787
2472, 14275
2473, 13773
2474, 13206
2475, 13493
2476, 12749
2477, 11884
2478, 12069
2479, 11673
2480, 11842
2481, 11457
2482, 11842
2483, 12067
2484, 11876
2485, 11707
2486, 11676
2487, 11749
2488, 11831
2489, 11541
2490, 11245
2491, 11010
2492, 11163
2493, 11558
2494, 11483
2495, 11305
2496, 11021
2497, 11121
2498, 11128
2499, 11108
2500, 11072
2501, 11518
2502, 11878
2503, 11640
2504, 11667
2505, 13946
2506, 14462
2507, 14093
2508, 13465
2509, 13368
2510, 13110
2511, 14113
2512, 13861
2513, 14330
2514, 14030
2515, 13736
2516, 13379
2517, 13811
2518, 11888
2519, 12207
2520, 11910
2521, 11866
2522, 11812
2523, 12862
2524, 10369
2525, 9841
2526, 9922
2527, 9978
2528, 9801
2529, 9429
2530, 9517
2531, 9501
2532, 9766
2533, 9504
2534, 9330
2535, 7738
2536, 7818
2537, 8418
2538, 9528
2539, 9335
2540, 9540
2541, 9693
2542, 9955
2543, 9946
2544, 10656
2545, 9504
2546, 9409
2547, 9628
2548, 9420
2549, 9663
2550, 9474
2551, 9641
2552, 9687
2553, 9573
2554, 9152
2555, 9495
2556, 9674
2557, 9547
2558, 9482
2559, 9443
2560, 9540
2561, 9547
2562, 9393
2563, 8775
2564, 7992
2565, 7954
2566, 9366
2567, 10681
2568, 8202
2569, 8343
2570, 8324
2571, 7961
2572, 7603
2573, 7678
2574, 7966
2575, 7877
2576, 7675
2577, 7774
2578, 7808
2579, 7735
2580, 7684
2581, 7891
2582, 9759
2583, 9924
2584, 10019
2585, 9925
2586, 11769
2587, 10138
2588, 10042
2589, 9916
2590, 9611
2591, 9741
2592, 9934
2593, 11838
2594, 12243
2595, 11723
2596, 11901
2597, 11701
2598, 11759
2599, 11578
2600, 12008
2601, 12000
2602, 11768
2603, 9816
2604, 9617
2605, 9604
2606, 9803
2607, 9486
2608, 9524
2609, 9683
2610, 9792
2611, 9810
2612, 9669
2613, 11427
2614, 11222
2615, 11744
2616, 11491
2617, 11481
2618, 11539
2619, 11733
2620, 11670
2621, 11666
2622, 11574
2623, 11346
2624, 11671
2625, 11337
2626, 11163
2627, 11831
2628, 11619
2629, 11541
2630, 11432
2631, 11533
2632, 13406
2633, 13832
2634, 13885
2635, 13754
2636, 13180
2637, 11328
2638, 11520
2639, 11618
2640, 11653
2641, 11837
2642, 11404
2643, 11193
2644, 11409
2645, 11516
2646, 11566
2647, 12051
2648, 11662
2649, 11562
2650, 11773
2651, 11348
2652, 10228
2653, 9411
2654, 9995
2655, 8731
2656, 7686
2657, 7801
2658, 7637
2659, 7714
2660, 7693
2661, 7858
2662, 7744
2663, 7773
2664, 8085
2665, 7793
2666, 7700
2667, 7705
2668, 7970
2669, 8154
2670, 9655
2671, 9740
2672, 9429
2673, 9831
2674, 10776
2675, 10012
2676, 9871
2677, 9418
2678, 9587
2679, 9717
2680, 9817
2681, 10010
2682, 11784
2683, 11450
2684, 11408
2685, 11745
2686, 11656
2687, 12162
2688, 11776
2689, 11571
2690, 10676
2691, 9819
2692, 9745
2693, 9999
2694, 11718
2695, 11927
2696, 11817
2697, 11890
2698, 11937
2699, 12004
2700, 11767
2701, 11919
2702, 12270
2703, 10704
2704, 9543
2705, 9735
2706, 9598
2707, 9700
2708, 9679
2709, 9590
2710, 9545
2711, 9699
2712, 9664
2713, 9837
2714, 9957
2715, 9518
2716, 9805
2717, 9451
2718, 9401
2719, 9840
2720, 11007
2721, 11103
2722, 11311
2723, 11494
2724, 11128
2725, 11227
2726, 11455
2727, 11262
2728, 11344
2729, 11486
2730, 11191
2731, 11095
2732, 11333
2733, 11656
2734, 11461
2735, 11537
2736, 11918
2737, 11511
2738, 11567
2739, 11421
2740, 11479
2741, 11636
2742, 11493
2743, 11667
2744, 11894
2745, 11734
2746, 11828
2747, 11622
2748, 11765
2749, 11930
2750, 11769
2751, 11950
2752, 11670
2753, 11450
2754, 11418
2755, 11140
2756, 11092
2757, 9537
2758, 9839
2759, 9432
2760, 9520
2761, 9541
2762, 9663
2763, 9518
2764, 9571
2765, 10630
2766, 11759
2767, 11738
2768, 11902
2769, 12638
2770, 12722
2771, 11798
2772, 10026
2773, 10403
2774, 10434
2775, 9658
2776, 9510
2777, 9783
2778, 9715
2779, 9718
2780, 9700
2781, 9670
2782, 9820
2783, 9744
2784, 9915
2785, 9886
2786, 9890
2787, 9696
2788, 9758
2789, 10556
2790, 12121
2791, 11617
2792, 11641
2793, 11878
2794, 11830
2795, 11992
2796, 11594
2797, 11550
2798, 11444
2799, 11663
2800, 11805
2801, 11912
2802, 11766
2803, 11910
2804, 12003
2805, 11678
2806, 11915
2807, 11961
2808, 11773
2809, 11641
2810, 11826
2811, 11900
2812, 11890
2813, 11770
2814, 11907
2815, 11676
2816, 11876
2817, 11679
2818, 11556
2819, 10190
2820, 9212
2821, 9301
2822, 9323
2823, 9246
2824, 9500
2825, 9552
2826, 9463
2827, 9762
2828, 10120
2829, 8723
2830, 8050
2831, 7934
2832, 8024
2833, 8120
2834, 8102
2835, 8165
2836, 8024
2837, 9814
2838, 9901
2839, 9816
2840, 9814
2841, 9806
2842, 9499
2843, 9653
2844, 9857
2845, 9878
2846, 9991
2847, 9962
2848, 10186
2849, 10009
2850, 9986
2851, 10164
2852, 9873
2853, 9915
2854, 9738
2855, 10089
2856, 9434
2857, 11022
2858, 11277
2859, 11212
2860, 12036
2861, 12801
2862, 12954
2863, 13116
2864, 13785
2865, 14069
2866, 13646
2867, 13707
2868, 13448
2869, 11943
2870, 12871
2871, 11578
2872, 11575
2873, 11158
2874, 9967
2875, 9737
2876, 9551
2877, 9674
2878, 9855
2879, 9899
2880, 9890
2881, 9793
2882, 9802
2883, 9773
2884, 9647
2885, 10662
2886, 11816
2887, 11653
2888, 11283
2889, 9504
2890, 9827
2891, 9437
2892, 9756
2893, 9662
2894, 9560
2895, 10559
2896, 11766
2897, 11510
2898, 11683
2899, 11423
2900, 11620
2901, 11936
2902, 11481
2903, 11340
2904, 11261
2905, 10796
2906, 9436
2907, 9265
2908, 9210
2909, 9052
2910, 9584
2911, 9551
2912, 9427
2913, 9675
2914, 10611
2915, 11800
2916, 13054
2917, 13652
2918, 13615
2919, 13925
2920, 13740
2921, 13973
2922, 13962
2923, 13952
2924, 13065
2925, 11983
2926, 11755
2927, 11017
2928, 11191
2929, 11517
2930, 11419
2931, 11494
2932, 11642
2933, 11576
2934, 11381
2935, 11492
2936, 11648
2937, 11392
2938, 11447
2939, 11508
2940, 11313
2941, 11644
2942, 11904
2943, 11824
2944, 11791
2945, 11862
2946, 13535
2947, 13719
2948, 14075
2949, 13654
2950, 13404
2951, 13534
2952, 13226
2953, 14028
2954, 11067
2955, 9565
2956, 9688
2957, 8626
2958, 7658
2959, 7899
2960, 7885
2961, 7792
2962, 7975
2963, 8632
2964, 9501
2965, 9345
2966, 9793
2967, 9690
2968, 11498
2969, 11739
2970, 11773
2971, 11706
2972, 11895
2973, 11663
2974, 11791
2975, 11745
2976, 9789
2977, 9933
2978, 9998
2979, 9915
2980, 9337
2981, 8847
2982, 9718
2983, 10050
2984, 9829
2985, 9795
2986, 9746
2987, 9595
2988, 9780
2989, 9639
2990, 9636
2991, 9907
2992, 9718
2993, 9854
2994, 9635
2995, 10253
2996, 13007
2997, 12580
2998, 11702
2999, 11350
3000, 11509
3001, 11140
3002, 11116
3003, 11071
3004, 11342
3005, 11430
3006, 11824
3007, 11476
3008, 11842
3009, 11652
3010, 11711
3011, 11644
3012, 10138
3013, 9515
3014, 9327
3015, 11717
3016, 11098
3017, 11423
3018, 11117
3019, 11063
3020, 11290
3021, 11233
3022, 10441
3023, 9707
3024, 9868
3025, 9902
3026, 9532
3027, 10818
3028, 11781
3029, 11513
3030, 11273
3031, 11108
3032, 11537
3033, 11071
3034, 11136
3035, 11482
3036, 11218
3037, 11679
3038, 11337
3039, 11447
3040, 11624
3041, 11227
3042, 11167
3043, 11845
3044, 10493
3045, 10237
3046, 11273
3047, 11365
3048, 11538
3049, 11198
3050, 11420
3051, 11378
3052, 11614
3053, 11379
3054, 11495
3055, 11774
3056, 11522
3057, 10749
3058, 8918
3059, 9787
3060, 10300
3061, 11372
3062, 9606
3063, 9254
3064, 9397
3065, 9607
3066, 9499
3067, 9661
3068, 9506
3069, 9635
3070, 9395
3071, 9470
3072, 9301
3073, 9645
3074, 9753
3075, 9616
3076, 9472
3077, 9592
3078, 9408
3079, 9561
3080, 9424
3081, 9563
3082, 9672
3083, 9541
3084, 9380
3085, 9256
3086, 9338
3087, 9565
3088, 9664
3089, 9542
3090, 9316
3091, 9368
3092, 9414
3093, 8080
3094, 7658
3095, 7639
3096, 7565
3097, 7580
3098, 7560
3099, 7350
3100, 7336
3101, 7684
3102, 7666
3103, 7851
3104, 7687
3105, 7627
3106, 7725
3107, 7850
3108, 7573
3109, 7747
3110, 7872
3111, 7867
3112, 7805
3113, 7804
3114, 7897
3115, 7794
3116, 8145
3117, 8064
3118, 8067
3119, 7995
3120, 8007
3121, 8252
3122, 8033
3123, 8137
3124, 7960
3125, 7991
3126, 7922
3127, 7877
3128, 7788
3129, 7872
3130, 7745
3131, 7928
3132, 8830
3133, 7740
3134, 7844
3135, 7859
3136, 7882
3137, 7904
3138, 7984
3139, 8042
3140, 7808
3141, 7873
3142, 7954
3143, 8089
3144, 7877
3145, 7874
3146, 7982
3147, 7812
3148, 7871
3149, 8401
3150, 9466
3151, 9384
3152, 9788
3153, 9482
3154, 9313
3155, 9327
3156, 9371
3157, 9751
3158, 9110
3159, 9146
3160, 8774
3161, 7629
3162, 7790
3163, 7562
3164, 7595
3165, 7936
3166, 7703
3167, 9474
3168, 9479
3169, 7685
3170, 7579
3171, 7883
3172, 7683
3173, 7752
3174, 7819
3175, 7802
3176, 7780
3177, 7879
3178, 7805
3179, 7839
3180, 7910
3181, 7961
3182, 7873
3183, 8004
3184, 8026
3185, 7932
3186, 7778
3187, 9361
3188, 9711
3189, 9443
3190, 9751
3191, 9815
3192, 9620
3193, 9585
3194, 9631
3195, 9665
3196, 9516
3197, 9785
3198, 9510
3199, 9331
3200, 9047
3201, 9868
3202, 9467
3203, 9773
3204, 9674
3205, 9813
3206, 9656
3207, 9685
3208, 9575
3209, 9534
3210, 9760
3211, 9858
3212, 9812
3213, 9666
3214, 9780
3215, 9748
3216, 9787
3217, 9832
3218, 9756
3219, 9823
3220, 9805
3221, 9613
3222, 9712
3223, 10097
3224, 9569
3225, 8350
3226, 7893
3227, 7666
3228, 7639
3229, 7714
3230, 7671
3231, 7732
3232, 7761
3233, 7614
3234, 7755
3235, 7903
3236, 7738
3237, 7724
3238, 7792
3239, 7731
3240, 7674
3241, 7413
3242, 7767
3243, 7615
3244, 7731
3245, 7800
3246, 7850
3247, 7796
3248, 7899
3249, 7594
3250, 7905
3251, 7805
3252, 7748
3253, 7527
3254, 7637
3255, 7765
3256, 7724
3257, 7783
3258, 7761
3259, 7836
3260, 7929
3261, 7864
3262, 7977
3263, 8135
3264, 7685
3265, 7920
3266, 7827
3267, 7703
3268, 7711
3269, 8031
3270, 7800
3271, 7661
3272, 7710
3273, 7842
3274, 7960
3275, 7935
3276, 8136
3277, 7874
3278, 7664
3279, 7712
3280, 7665
3281, 7741
3282, 7862
3283, 7814
3284, 8745
3285, 9305
3286, 9513
3287, 9571
3288, 9659
3289, 9641
3290, 9526
3291, 9490
3292, 9880
3293, 11383
3294, 11181
3295, 10965
3296, 11097
3297, 11199
3298, 11451
3299, 11668
3300, 11360
3301, 11599
3302, 11602
3303, 11220
3304, 11196
3305, 11413
3306, 11544
3307, 11377
3308, 11507
3309, 11159
3310, 11486
3311, 11178
3312, 11139
3313, 11510
3314, 11156
3315, 11200
3316, 10897
3317, 11482
3318, 11187
3319, 11257
3320, 11165
3321, 11100
3322, 10962
3323, 11553
3324, 11261
3325, 11399
3326, 10752
3327, 11277
3328, 10738
3329, 11006
3330, 10844
3331, 11283
3332, 11396
3333, 11508
3334, 11161
3335, 10893
3336, 11103
3337, 10990
3338, 11209
3339, 11252
3340, 11239
3341, 11418
3342, 11244
3343, 10788
3344, 10730
3345, 11101
3346, 11069
3347, 11101
3348, 10751
3349, 11264
3350, 10928
3351, 10655
3352, 10779
3353, 9403
3354, 9179
3355, 9089
3356, 8976
3357, 9133
3358, 9321
3359, 9449
3360, 9254
3361, 9334
3362, 9432
3363, 9315
3364, 9501
3365, 9262
3366, 9414
3367, 9101
3368, 9513
3369, 9425
3370, 9300
3371, 9560
3372, 9466
3373, 9443
3374, 9636
3375, 9515
3376, 9491
3377, 9501
3378, 9377
3379, 9359
3380, 9336
3381, 9248
3382, 9349
3383, 9399
3384, 9029
3385, 9471
3386, 9162
3387, 9035
3388, 7825
3389, 7721
3390, 7841
3391, 7699
3392, 7880
3393, 7964
3394, 7887
3395, 7789
3396, 7865
3397, 7665
3398, 7680
3399, 7810
3400, 7673
3401, 7724
3402, 7465
3403, 7608
3404, 7629
3405, 8965
3406, 10773
3407, 9598
3408, 7868
3409, 7694
3410, 7627
3411, 8930
3412, 9021
3413, 7732
3414, 7682
3415, 7485
3416, 7674
3417, 7563
3418, 7610
3419, 7641
3420, 7736
3421, 7606
3422, 7689
3423, 7606
3424, 7915
3425, 7593
3426, 7853
3427, 7738
3428, 7726
3429, 7790
3430, 7532
3431, 7585
3432, 7770
3433, 7581
3434, 7821
3435, 7493
3436, 7643
3437, 7736
3438, 7862
3439, 7662
3440, 7862
3441, 7656
3442, 7750
3443, 9034
3444, 9453
3445, 9794
3446, 9393
3447, 9398
3448, 9572
3449, 10429
3450, 9504
3451, 7684
3452, 7663
3453, 9532
3454, 10909
3455, 10906
3456, 10663
3457, 10742
3458, 10767
3459, 10831
3460, 10719
3461, 10650
3462, 10881
3463, 10492
3464, 11202
3465, 10393
3466, 9492
3467, 9241
3468, 9380
3469, 9310
3470, 9545
3471, 9334
3472, 9474
3473, 9492
3474, 9633
3475, 9484
3476, 9485
3477, 9180
3478, 9366
3479, 9407
3480, 9657
3481, 9454
3482, 9553
3483, 9264
3484, 9134
3485, 9350
3486, 10575
3487, 10916
3488, 11007
3489, 10770
3490, 10784
3491, 11085
3492, 11400
3493, 11404
3494, 11304
3495, 10988
3496, 9644
3497, 9583
3498, 9635
3499, 9580
3500, 9802
3501, 9915
3502, 9498
3503, 9745
3504, 9340
3505, 9421
3506, 10420
3507, 11255
3508, 11424
3509, 11132
3510, 10950
3511, 11233
3512, 10787
3513, 11223
3514, 10488
3515, 9650
3516, 9356
3517, 9227
3518, 9088
3519, 9384
3520, 9213
3521, 9464
3522, 9337
3523, 9683
3524, 10877
3525, 11041
3526, 10142
3527, 9814
3528, 9864
3529, 10409
3530, 10564
3531, 10429
3532, 10299
3533, 10192
3534, 10313
3535, 10225
3536, 8760
3537, 8458
3538, 8328
3539, 8431
3540, 8501
3541, 8632
3542, 8688
3543, 8387
3544, 8676
3545, 8367
3546, 8684
3547, 8477
3548, 8515
3549, 8597
3550, 8555
3551, 8611
3552, 8734
3553, 8682
3554, 8729
3555, 8782
3556, 8700
3557, 9067
3558, 8861
3559, 8599
3560, 9174
3561, 8826
3562, 8665
3563, 8660
3564, 8722
3565, 9528
3566, 9490
3567, 9246
3568, 9276
3569, 9311
3570, 9102
3571, 9268
3572, 9256
3573, 9405
3574, 9335
3575, 9546
3576, 9119
3577, 9440
3578, 9343
3579, 9144
3580, 9364
3581, 9322
3582, 9323
3583, 9477
3584, 9306
3585, 9352
3586, 9408
3587, 9475
3588, 11105
3589, 10959
3590, 11166
3591, 10743
3592, 10759
3593, 10743
3594, 10867
3595, 11163
3596, 10716
3597, 11037
3598, 10903
3599, 10891
3600, 10841
3601, 10844
3602, 9266
3603, 9128
3604, 9400
3605, 9552
3606, 9437
3607, 9392
3608, 9244
3609, 9294
3610, 9347
3611, 9339
3612, 9213
3613, 10299
3614, 9312
3615, 8887
3616, 9090
3617, 9523
3618, 9228
3619, 9224
3620, 9114
3621, 9286
3622, 9487
3623, 10127
3624, 10980
3625, 10847
3626, 10897
3627, 10851
3628, 10809
3629, 10745
3630, 10831
3631, 10954
3632, 11225
3633, 11156
3634, 10989
3635, 11011
3636, 10817
3637, 11108
3638, 10652
3639, 10871
3640, 10869
3641, 10658
3642, 10963
3643, 11144
3644, 11025
3645, 11245
3646, 11014
3647, 11084
3648, 11121
3649, 10833
3650, 10152
3651, 9170
3652, 9125
3653, 9095
3654, 9418
3655, 9319
3656, 9394
3657, 9589
3658, 9343
3659, 9473
3660, 9293
3661, 9376
3662, 9251
3663, 9389
3664, 9351
3665, 9146
3666, 9387
3667, 9126
3668, 9301
3669, 9370
3670, 9372
3671, 9308
3672, 9565
3673, 9172
3674, 9162
3675, 9382
3676, 9300
3677, 9122
3678, 9076
3679, 10535
3680, 10844
3681, 10058
3682, 9279
3683, 9376
3684, 9034
3685, 9430
3686, 9130
3687, 9172
3688, 8850
3689, 9340
3690, 9343
3691, 9164
3692, 9282
3693, 9071
3694, 9272
3695, 9132
3696, 9359
3697, 9215
3698, 9161
3699, 9146
3700, 9037
3701, 8955
3702, 9152
3703, 10743
3704, 10642
3705, 10740
3706, 10855
3707, 10566
3708, 10625
3709, 10736
3710, 10974
3711, 10890
3712, 10675
3713, 10755
3714, 10450
3715, 10487
3716, 10859
3717, 10814
3718, 10994
3719, 10586
3720, 9321
3721, 9500
3722, 9390
3723, 9337
3724, 9049
3725, 9371
3726, 9132
3727, 8232
3728, 7573
3729, 7757
3730, 7697
3731, 7630
3732, 7674
3733, 7487
3734, 7597
3735, 7505
3736, 7587
3737, 7632
3738, 7585
3739, 7608
3740, 7551
3741, 7471
3742, 7793
3743, 7796
3744, 7696
3745, 7671
3746, 7644
3747, 7546
3748, 8420
3749, 9726
3750, 9407
3751, 9300
3752, 9222
3753, 9063
3754, 9048
3755, 9243
3756, 9277
3757, 9455
3758, 10729
3759, 10802
3760, 10784
3761, 9673
3762, 9307
3763, 9350
3764, 8911
3765, 7750
3766, 7703
3767, 7723
3768, 7573
3769, 7647
3770, 7775
3771, 7735
3772, 7596
3773, 7731
3774, 7589
3775, 7493
3776, 7854
3777, 7573
3778, 7537
3779, 7455
3780, 7467
3781, 7539
3782, 7589
3783, 7730
3784, 7749
3785, 7554
3786, 7618
3787, 7586
3788, 7643
3789, 7919
3790, 7722
3791, 7604
3792, 7572
3793, 7580
3794, 7591
3795, 7495
3796, 8735
3797, 9201
3798, 9513
3799, 9139
3800, 9289
3801, 9298
3802, 8542
3803, 7437
3804, 7433
3805, 7550
3806, 7457
3807, 7489
3808, 7649
3809, 7815
3810, 7458
3811, 7475
3812, 7732
3813, 8008
3814, 7699
3815, 7523
3816, 7752
3817, 7325
3818, 7596
3819, 7709
3820, 7555
3821, 7579
3822, 7415
3823, 7611
3824, 7603
3825, 7485
3826, 7457
3827, 8011
3828, 9560
3829, 9518
3830, 9215
3831, 9052
3832, 8957
3833, 9020
3834, 8837
3835, 9164
3836, 9088
3837, 9076
3838, 9110
3839, 9174
3840, 9158
3841, 9305
3842, 8971
3843, 9215
3844, 9165
3845, 9464
3846, 9038
3847, 8936
3848, 9198
3849, 7929
3850, 7803
3851, 9495
3852, 9394
3853, 9584
3854, 9273
3855, 9381
3856, 9340
3857, 9373
3858, 9217
3859, 9285
3860, 9438
3861, 9725
3862, 11026
3863, 10983
3864, 11194
3865, 10488
3866, 9249
3867, 9053
3868, 9688
3869, 9462
3870, 9185
3871, 9246
3872, 9094
3873, 9253
3874, 9141
3875, 9451
3876, 9208
3877, 9245
3878, 9270
3879, 9029
3880, 10336
3881, 10862
3882, 11024
3883, 11075
3884, 10996
3885, 11271
3886, 11050
3887, 10889
3888, 10787
3889, 11034
3890, 11024
3891, 11138
3892, 10937
3893, 11016
3894, 10966
3895, 10943
3896, 10773
3897, 11052
3898, 10943
3899, 10949
3900, 11132
3901, 10959
3902, 11170
3903, 10886
3904, 10869
3905, 11166
3906, 11190
3907, 10723
3908, 11133
3909, 10201
3910, 10472
3911, 10700
3912, 9646
3913, 9050
3914, 9472
3915, 9425
3916, 9313
3917, 9160
3918, 9252
3919, 8996
3920, 9245
3921, 9352
3922, 9179
3923, 8973
3924, 8915
3925, 9466
3926, 10521
3927, 10815
3928, 10647
3929, 10665
3930, 9114
3931, 9014
3932, 9074
3933, 9359
3934, 9081
3935, 9162
3936, 9277
3937, 9484
3938, 10465
3939, 9072
3940, 9063
3941, 9084
3942, 9320
3943, 9470
3944, 9155
3945, 9050
3946, 9172
3947, 9297
3948, 9193
3949, 9083
3950, 9376
3951, 9249
3952, 9090
3953, 9134
3954, 9557
3955, 11044
3956, 11109
3957, 10138
3958, 9051
3959, 10023
3960, 10871
3961, 10931
3962, 10988
3963, 10990
3964, 10930
3965, 10956
3966, 10877
3967, 10841
3968, 11097
3969, 11077
3970, 10819
3971, 11059
3972, 10835
3973, 10855
3974, 10849
3975, 10972
3976, 10867
3977, 10878
3978, 10940
3979, 10822
3980, 10713
3981, 11267
3982, 10933
3983, 10821
3984, 10753
3985, 11209
3986, 11232
3987, 11128
3988, 10869
3989, 11015
3990, 11136
3991, 11218
3992, 11280
3993, 11446
3994, 11312
3995, 11407
3996, 11384
3997, 11206
3998, 11143
3999, 11271
